uuid	original_filename	filename	date	date_added	asset_scope	path	file_size_bytes	missing_reason	has_location	location	latitude	longitude	raw_location	place	is_live_photo	path_live_photo	live_photo_marker	description	keywords	favorite	hidden	album_titles	folder_paths
20F72997-6EDA-46CD-8184-3A37FF75AE48	IMG_9083.jpeg	20F72997-6EDA-46CD-8184-3A37FF75AE48.jpeg	2023-07-13T14:55:01.389000+08:00	2023-07-13T14:55:01.389000+08:00	PATH_NONE			missing file_size_bytes	True	25.021538833333334,121.53241166666666	25.021538833333334	121.53241166666666	25.021538833333334 | 121.53241166666666	"{""address"": {""city"": ""Daan District"", ""country"": ""Taiwan"", ""iso_country_code"": ""TW"", ""postal_code"": ""106020"", ""state_province"": ""TPE"", ""street"": ""No. 13 Wenzhou St Ln 48"", ""sub_administrative_area"": ""Taipei City"", ""sub_locality"": ""Daxue""}, ""address_str"": ""No. 13 Wenzhou St Ln 48, Daan District, Taipei City 106, Taiwan"", ""country_code"": ""TW"", ""ishome"": false, ""name"": ""Daan District, Taiwan"", ""names"": {""additional_city_info"": [""Daxue""], ""area_of_interest"": [], ""body_of_water"": [], ""city"": [""Daan District""], ""country"": [""Taiwan""], ""field0"": [], ""field10"": [], ""field13"": [], ""field15"": [], ""field16"": [], ""field5"": [], ""inland_water"": [], ""ocean"": [], ""postal_code"": [], ""region"": [], ""state_province"": [], ""street_address"": [""No. 13 Wenzhou St Ln 48""], ""sub_administrative_area"": [""Taipei City""], ""sub_throughfare"": []}}"	False		False			False	False		
845D8C7D-8375-450E-9051-60A00898955C	IMG_5984.jpeg	845D8C7D-8375-450E-9051-60A00898955C.jpeg	2025-01-21T18:51:03.974000+08:00	2025-01-21T18:51:03.974000+08:00	PATH_NONE			missing file_size_bytes	True	(None, None)			None | None		False		False			False	False		
01CBADB7-DB4D-4B4E-8388-A8570F8F2135	IMG_2392.jpeg	01CBADB7-DB4D-4B4E-8388-A8570F8F2135.jpeg	2025-01-21T15:09:50.792311+08:00	2025-01-21T15:09:50.792311+08:00	PATH_NONE			missing file_size_bytes	True	(None, None)			None | None		False		False			False	False		
DA2C3A3A-6B1B-458E-B09D-4DE46DB0CB95	IMG_6375.jpeg	DA2C3A3A-6B1B-458E-B09D-4DE46DB0CB95.jpeg	2023-04-12T19:10:20.706000+08:00	2023-04-12T19:10:20.706000+08:00	PATH_NONE			missing file_size_bytes	True	25.0190195,121.53	25.0190195	121.53	25.0190195 | 121.53	"{""address"": {""city"": ""Daan District"", ""country"": ""Taiwan"", ""iso_country_code"": ""TW"", ""postal_code"": ""106019"", ""state_province"": ""TPE"", ""street"": ""No. 219–267 Roosevelt Rd Sec 3"", ""sub_administrative_area"": ""Taipei City"", ""sub_locality"": ""Daxue""}, ""address_str"": ""No. 219–267 Roosevelt Rd Sec 3, Daan District, Taipei City 106, Taiwan"", ""country_code"": ""TW"", ""ishome"": false, ""name"": ""Daan District, Taiwan"", ""names"": {""additional_city_info"": [""Daxue""], ""area_of_interest"": [], ""body_of_water"": [], ""city"": [""Daan District""], ""country"": [""Taiwan""], ""field0"": [], ""field10"": [], ""field13"": [], ""field15"": [], ""field16"": [], ""field5"": [], ""inland_water"": [], ""ocean"": [], ""postal_code"": [], ""region"": [], ""state_province"": [], ""street_address"": [""No. 219–267 Roosevelt Rd Sec 3""], ""sub_administrative_area"": [""Taipei City""], ""sub_throughfare"": []}}"	False		False			False	False		
3F72A7D2-4A62-4647-BE91-1DFFF759BD41	IMG_2037.JPG	3F72A7D2-4A62-4647-BE91-1DFFF759BD41.jpeg	2021-02-05T18:03:00.979633+08:00	2021-02-05T18:03:00.979633+08:00	PATH_NONE			missing file_size_bytes	True	(None, None)			None | None		False		False			False	False		
CC294F71-8164-403B-B359-836E410DF496	IMG_0344.jpg	CC294F71-8164-403B-B359-836E410DF496.jpeg	2024-08-19T18:11:38.499480+08:00	2024-08-19T18:11:38.499480+08:00	PATH_NONE			missing file_size_bytes	True	(None, None)			None | None		False		False			False	False		
37D8EDD4-718B-4A24-9CF2-3D460CC14CBC	IMG_2723.JPG	37D8EDD4-718B-4A24-9CF2-3D460CC14CBC.jpeg	2016-03-19T16:47:26.352000+09:00	2016-03-19T15:47:26.352000+08:00	PATH_NONE			missing file_size_bytes	True	35.72342166666667,139.709655	35.72342166666667	139.709655	35.72342166666667 | 139.709655	"{""address"": {""city"": ""Toshima"", ""country"": ""Japan"", ""iso_country_code"": ""JP"", ""postal_code"": ""171-0031"", ""state_province"": ""Tokyo"", ""street"": ""23-13, Mejiro 2-Chōme"", ""sub_administrative_area"": null, ""sub_locality"": ""Mejiro""}, ""address_str"": ""23-13, Mejiro 2-Chōme, Toshima, Tokyo, Japan 171-0031"", ""country_code"": ""JP"", ""ishome"": false, ""name"": ""Toshima, Tokyo, Japan"", ""names"": {""additional_city_info"": [""Mejiro""], ""area_of_interest"": [], ""body_of_water"": [], ""city"": [""Toshima""], ""country"": [""Japan""], ""field0"": [], ""field10"": [], ""field13"": [], ""field15"": [], ""field16"": [], ""field5"": [], ""inland_water"": [], ""ocean"": [], ""postal_code"": [], ""region"": [], ""state_province"": [""Tokyo"", ""Kanto""], ""street_address"": [""23-13, Mejiro 2-Chōme""], ""sub_administrative_area"": [], ""sub_throughfare"": []}}"	False		False			False	False		
D02B7EE5-87E8-4C2E-B7EF-83BC3A9720B1	IMG_3794.jpeg	D02B7EE5-87E8-4C2E-B7EF-83BC3A9720B1.jpeg	2024-01-02T19:59:55.319000+08:00	2024-01-02T19:59:55.319000+08:00	PATH_NONE			missing file_size_bytes	True	25.021527833333334,121.532425	25.021527833333334	121.532425	25.021527833333334 | 121.532425	"{""address"": {""city"": ""Daan District"", ""country"": ""Taiwan"", ""iso_country_code"": ""TW"", ""postal_code"": ""106020"", ""state_province"": ""TPE"", ""street"": ""No. 13 Wenzhou St Ln 48"", ""sub_administrative_area"": ""Taipei City"", ""sub_locality"": ""Daxue""}, ""address_str"": ""No. 13 Wenzhou St Ln 48, Daan District, Taipei City 106, Taiwan"", ""country_code"": ""TW"", ""ishome"": false, ""name"": ""Daan District, Taiwan"", ""names"": {""additional_city_info"": [""Daxue""], ""area_of_interest"": [], ""body_of_water"": [], ""city"": [""Daan District""], ""country"": [""Taiwan""], ""field0"": [], ""field10"": [], ""field13"": [], ""field15"": [], ""field16"": [], ""field5"": [], ""inland_water"": [], ""ocean"": [], ""postal_code"": [], ""region"": [], ""state_province"": [], ""street_address"": [""No. 13 Wenzhou St Ln 48""], ""sub_administrative_area"": [""Taipei City""], ""sub_throughfare"": []}}"	False		False			False	False		
88E8371A-DFCA-4113-8CC7-50A494AB7D2E	IMG_4087.jpg	88E8371A-DFCA-4113-8CC7-50A494AB7D2E.jpeg	2024-11-27T07:20:59.626926+08:00	2024-11-27T07:20:59.626926+08:00	PATH_NONE			missing file_size_bytes	True	(None, None)			None | None		False		False			False	False		
25350D3F-8527-4F31-9DEC-B0422519B9DF	IMG_1343.JPG	25350D3F-8527-4F31-9DEC-B0422519B9DF.jpeg	2024-07-27T08:06:54.619571+08:00	2024-07-27T08:06:54.619571+08:00	PATH_NONE			missing file_size_bytes	True	(None, None)			None | None		False		False			False	False		
72539F07-6B88-4FBC-9822-70A9908876DA	IMG_7414.jpeg	72539F07-6B88-4FBC-9822-70A9908876DA.jpeg	2026-02-04T18:28:06.088000+08:00	2026-02-04T18:28:06.088000+08:00	PATH_NONE			missing file_size_bytes	True	(None, None)			None | None		False		False			False	False		
2E53DF99-1D66-4B60-AF82-382165581532	IMG_1334.jpeg	2E53DF99-1D66-4B60-AF82-382165581532.jpeg	2011-11-20T14:50:36+08:00	2011-11-20T14:50:36+08:00	PATH_NONE			missing file_size_bytes	True	(None, None)			None | None		False		False			False	False		
409C7D86-70CE-4CB5-BF9F-400FF703F14A	IMG_5986.jpeg	409C7D86-70CE-4CB5-BF9F-400FF703F14A.jpeg	2025-01-21T18:56:56.374000+08:00	2025-01-21T18:56:56.374000+08:00	PATH_NONE			missing file_size_bytes	True	(None, None)			None | None		False		False			False	False		
FAAB1076-E063-4CAA-8769-13325E77DB56	IMG_5839.jpeg	FAAB1076-E063-4CAA-8769-13325E77DB56.jpeg	2021-10-23T09:14:02.895000+08:00	2021-10-23T09:14:02.895000+08:00	PATH_NONE			missing file_size_bytes	True	25.021502833333333,121.53246333333334	25.021502833333333	121.53246333333334	25.021502833333333 | 121.53246333333334	"{""address"": {""city"": ""Daan District"", ""country"": ""Taiwan"", ""iso_country_code"": ""TW"", ""postal_code"": ""106020"", ""state_province"": ""TPE"", ""street"": ""No. 13 Wenzhou St Ln 48"", ""sub_administrative_area"": ""Taipei City"", ""sub_locality"": ""Daxue""}, ""address_str"": ""No. 13 Wenzhou St Ln 48, Daan District, Taipei City 106, Taiwan"", ""country_code"": ""TW"", ""ishome"": false, ""name"": ""Daan District, Taiwan"", ""names"": {""additional_city_info"": [""Daxue""], ""area_of_interest"": [], ""body_of_water"": [], ""city"": [""Daan District""], ""country"": [""Taiwan""], ""field0"": [], ""field10"": [], ""field13"": [], ""field15"": [], ""field16"": [], ""field5"": [], ""inland_water"": [], ""ocean"": [], ""postal_code"": [], ""region"": [], ""state_province"": [], ""street_address"": [""No. 13 Wenzhou St Ln 48""], ""sub_administrative_area"": [""Taipei City""], ""sub_throughfare"": []}}"	False		False			False	False		
7E39EC15-D9D7-43A7-A9BD-8E9A4552A4D6	IMG_7499.JPG	7E39EC15-D9D7-43A7-A9BD-8E9A4552A4D6.jpeg	2023-05-29T10:41:20.992000+08:00	2023-05-29T10:41:20.992000+08:00	PATH_NONE			missing file_size_bytes	True	(None, None)			None | None		False		False			False	False		
BDAF0B86-59BB-4ABE-8FA1-3AA5E4834C59	IMG_9375.heic	BDAF0B86-59BB-4ABE-8FA1-3AA5E4834C59.heic	2024-07-22T21:27:34.701000+08:00	2024-07-22T21:27:34.701000+08:00	PATH_NONE			missing file_size_bytes	True	(None, None)			None | None		False		False			False	False		
73B8C09C-6F12-4A25-9616-342376038717	IMG_1323.JPG	73B8C09C-6F12-4A25-9616-342376038717.jpeg	2011-11-20T14:57:54+08:00	2011-11-20T14:57:54+08:00	PATH_NONE			missing file_size_bytes	True	(None, None)			None | None		False		False			False	False		
F569B365-4E44-40C6-93E1-2300A747D9D7	IMG_7415.jpeg	F569B365-4E44-40C6-93E1-2300A747D9D7.jpeg	2026-02-04T18:28:10.566000+08:00	2026-02-04T18:28:10.566000+08:00	PATH_NONE			missing file_size_bytes	True	(None, None)			None | None		False		False			False	False		
8B4DF2A1-6631-433B-8D95-DDFDDBABA65A	IMG_7244.jpeg	8B4DF2A1-6631-433B-8D95-DDFDDBABA65A.jpeg	2026-01-18T15:29:52.526000+08:00	2026-01-18T15:29:52.526000+08:00	PATH_NONE			missing file_size_bytes	True	(None, None)			None | None		False		False			False	False		
A93AF3CF-E85D-4B2C-AA6E-0CEA0370FCE6	IMG_3099.jpeg	A93AF3CF-E85D-4B2C-AA6E-0CEA0370FCE6.jpeg	2025-01-21T15:10:07.770354+08:00	2025-01-21T15:10:07.770354+08:00	PATH_NONE			missing file_size_bytes	True	(None, None)			None | None		False		False			False	False		
9802B9B3-A3C9-4C6F-895C-00B4616A4EC1	IMG_5985.jpeg	9802B9B3-A3C9-4C6F-895C-00B4616A4EC1.jpeg	2025-01-21T18:55:46.232000+08:00	2025-01-21T18:55:46.232000+08:00	PATH_NONE			missing file_size_bytes	True	(None, None)			None | None		False		False			False	False		
FD6DA6F5-8401-4407-9CBF-FE5CDADEB714	IMG_2024.JPG	FD6DA6F5-8401-4407-9CBF-FE5CDADEB714.jpeg	2012-02-05T11:40:18+08:00	2012-02-05T11:40:18+08:00	PATH_NONE			missing file_size_bytes	True	25.226166666666668,121.5305	25.226166666666668	121.5305	25.226166666666668 | 121.5305	"{""address"": {""city"": ""Sanzhi District"", ""country"": ""Taiwan"", ""iso_country_code"": ""TW"", ""postal_code"": ""252005"", ""state_province"": ""NWT"", ""street"": null, ""sub_administrative_area"": ""New Taipei City"", ""sub_locality"": ""Yuanshan Village""}, ""address_str"": ""Sanzhi District, New Taipei City 252005, Taiwan"", ""country_code"": ""TW"", ""ishome"": false, ""name"": ""Sanzhi District, Taiwan"", ""names"": {""additional_city_info"": [""Yuanshan Village""], ""area_of_interest"": [], ""body_of_water"": [], ""city"": [""Sanzhi District""], ""country"": [""Taiwan""], ""field0"": [], ""field10"": [], ""field13"": [], ""field15"": [], ""field16"": [], ""field5"": [], ""inland_water"": [], ""ocean"": [], ""postal_code"": [""252005""], ""region"": [], ""state_province"": [], ""street_address"": [], ""sub_administrative_area"": [""New Taipei City""], ""sub_throughfare"": []}}"	False		False			False	False		
009F7C1A-5078-495A-B2D7-1F65A75F894E	IMG_2828.JPG	009F7C1A-5078-495A-B2D7-1F65A75F894E.jpeg	2012-09-21T17:09:52+09:00	2012-09-21T16:09:52+08:00	PATH_NONE			missing file_size_bytes	True	34.9955,135.78266666666667	34.9955	135.78266666666667	34.9955 | 135.78266666666667	"{""address"": {""city"": ""Higashiyama, Kyoto"", ""country"": ""Japan"", ""iso_country_code"": ""JP"", ""postal_code"": ""605-0862"", ""state_province"": ""Kyoto"", ""street"": ""285, Kiyomizu 1-Chōme"", ""sub_administrative_area"": null, ""sub_locality"": ""Kiyomizu""}, ""address_str"": ""285, Kiyomizu 1-Chōme, Higashiyama, Kyoto, Kyoto, Japan 605-0862"", ""country_code"": ""JP"", ""ishome"": false, ""name"": ""Higashiyama, Kyoto, Kyoto, Japan"", ""names"": {""additional_city_info"": [""Kiyomizu"", ""Higashiyama""], ""area_of_interest"": [], ""body_of_water"": [], ""city"": [""Higashiyama, Kyoto""], ""country"": [""Japan""], ""field0"": [], ""field10"": [], ""field13"": [], ""field15"": [], ""field16"": [], ""field5"": [], ""inland_water"": [], ""ocean"": [], ""postal_code"": [], ""region"": [], ""state_province"": [""Kyoto"", ""Kansai""], ""street_address"": [""285, Kiyomizu 1-Chōme""], ""sub_administrative_area"": [], ""sub_throughfare"": []}}"	False		False			False	False		
4DE92713-D352-48C8-85CB-0A73D6D068EE	IMG_5763.JPG	4DE92713-D352-48C8-85CB-0A73D6D068EE.jpeg	2021-10-20T11:52:28.409184+08:00	2021-10-20T11:52:28.409184+08:00	PATH_NONE			missing file_size_bytes	True	25.0215445,121.53240333333333	25.0215445	121.53240333333333	25.0215445 | 121.53240333333333	"{""address"": {""city"": ""Daan District"", ""country"": ""Taiwan"", ""iso_country_code"": ""TW"", ""postal_code"": ""106020"", ""state_province"": ""TPE"", ""street"": ""No. 15 Wenzhou St Ln 48"", ""sub_administrative_area"": ""Taipei City"", ""sub_locality"": ""Daxue""}, ""address_str"": ""No. 15 Wenzhou St Ln 48, Daan District, Taipei City 106, Taiwan"", ""country_code"": ""TW"", ""ishome"": false, ""name"": ""Daan District, Taiwan"", ""names"": {""additional_city_info"": [""Daxue""], ""area_of_interest"": [], ""body_of_water"": [], ""city"": [""Daan District""], ""country"": [""Taiwan""], ""field0"": [], ""field10"": [], ""field13"": [], ""field15"": [], ""field16"": [], ""field5"": [], ""inland_water"": [], ""ocean"": [], ""postal_code"": [], ""region"": [], ""state_province"": [], ""street_address"": [""No. 15 Wenzhou St Ln 48""], ""sub_administrative_area"": [""Taipei City""], ""sub_throughfare"": []}}"	False		False			False	False		
5E04C160-A9EB-42FB-837E-082C10EA0BB4	IMG_9425.jpeg	5E04C160-A9EB-42FB-837E-082C10EA0BB4.jpeg	2021-12-27T19:41:33.209000+08:00	2021-12-27T19:41:33.209000+08:00	PATH_NONE			missing file_size_bytes	True	25.019288833333334,121.53273833333333	25.019288833333334	121.53273833333333	25.019288833333334 | 121.53273833333333	"{""address"": {""city"": ""Daan District"", ""country"": ""Taiwan"", ""iso_country_code"": ""TW"", ""postal_code"": ""106020"", ""state_province"": ""TPE"", ""street"": ""No. 78 Wenzhou St"", ""sub_administrative_area"": ""Taipei City"", ""sub_locality"": ""Daxue""}, ""address_str"": ""No. 78 Wenzhou St, Daan District, Taipei City 106, Taiwan"", ""country_code"": ""TW"", ""ishome"": false, ""name"": ""Daan District, Taiwan"", ""names"": {""additional_city_info"": [""Daxue""], ""area_of_interest"": [], ""body_of_water"": [], ""city"": [""Daan District""], ""country"": [""Taiwan""], ""field0"": [], ""field10"": [], ""field13"": [], ""field15"": [], ""field16"": [], ""field5"": [], ""inland_water"": [], ""ocean"": [], ""postal_code"": [], ""region"": [], ""state_province"": [], ""street_address"": [""No. 78 Wenzhou St""], ""sub_administrative_area"": [""Taipei City""], ""sub_throughfare"": []}}"	False		False			False	False		
79A8D073-84B5-4136-8274-F5E6E3030900	IMG_7157.jpeg	79A8D073-84B5-4136-8274-F5E6E3030900.jpeg	2020-12-31T08:33:22.969000+08:00	2020-12-31T08:33:22.969000+08:00	PATH_NONE			missing file_size_bytes	True	25.020558333333334,121.53077833333333	25.020558333333334	121.53077833333333	25.020558333333334 | 121.53077833333333	"{""address"": {""city"": ""Daan District"", ""country"": ""Taiwan"", ""iso_country_code"": ""TW"", ""postal_code"": ""106020"", ""state_province"": ""TPE"", ""street"": ""No. 62 Xinhai Rd Sec 1"", ""sub_administrative_area"": ""Taipei City"", ""sub_locality"": ""Daxue""}, ""address_str"": ""No. 62 Xinhai Rd Sec 1, Daan District, Taipei City 106, Taiwan"", ""country_code"": ""TW"", ""ishome"": false, ""name"": ""Daan District, Taiwan"", ""names"": {""additional_city_info"": [""Daxue""], ""area_of_interest"": [], ""body_of_water"": [], ""city"": [""Daan District""], ""country"": [""Taiwan""], ""field0"": [], ""field10"": [], ""field13"": [], ""field15"": [], ""field16"": [], ""field5"": [], ""inland_water"": [], ""ocean"": [], ""postal_code"": [], ""region"": [], ""state_province"": [], ""street_address"": [""No. 62 Xinhai Rd Sec 1""], ""sub_administrative_area"": [""Taipei City""], ""sub_throughfare"": []}}"	True		True			False	False		
416B7168-E0C5-47B1-BA21-5F8FF2FDE930	IMG_0304.jpeg	416B7168-E0C5-47B1-BA21-5F8FF2FDE930.jpeg	2021-03-31T23:04:18.750000+08:00	2021-03-31T23:04:18.750000+08:00	PATH_NONE			missing file_size_bytes	True	25.0214305,121.53228833333333	25.0214305	121.53228833333333	25.0214305 | 121.53228833333333	"{""address"": {""city"": ""Daan District"", ""country"": ""Taiwan"", ""iso_country_code"": ""TW"", ""postal_code"": ""106020"", ""state_province"": ""TPE"", ""street"": ""No. 14 Wenzhou St Ln 48"", ""sub_administrative_area"": ""Taipei City"", ""sub_locality"": ""Daxue""}, ""address_str"": ""No. 14 Wenzhou St Ln 48, Daan District, Taipei City 106, Taiwan"", ""country_code"": ""TW"", ""ishome"": false, ""name"": ""Daan District, Taiwan"", ""names"": {""additional_city_info"": [""Daxue""], ""area_of_interest"": [], ""body_of_water"": [], ""city"": [""Daan District""], ""country"": [""Taiwan""], ""field0"": [], ""field10"": [], ""field13"": [], ""field15"": [], ""field16"": [], ""field5"": [], ""inland_water"": [], ""ocean"": [], ""postal_code"": [], ""region"": [], ""state_province"": [], ""street_address"": [""No. 14 Wenzhou St Ln 48""], ""sub_administrative_area"": [""Taipei City""], ""sub_throughfare"": []}}"	False		False			False	False		
690133C0-C6BA-4E06-8079-4FBCCB7E8C13	IMG_1766.jpeg	690133C0-C6BA-4E06-8079-4FBCCB7E8C13.jpeg	2025-06-06T13:48:36.536000+08:00	2025-06-06T13:48:36.536000+08:00	PATH_NONE			missing file_size_bytes	True	(None, None)			None | None		False		False			False	False		
771B044C-F2CE-4265-AAB1-F7597A941549	IMG_1354.JPG	771B044C-F2CE-4265-AAB1-F7597A941549.jpeg	2011-11-20T15:38:19+08:00	2011-11-20T15:38:19+08:00	PATH_NONE			missing file_size_bytes	True	(None, None)			None | None		False		False			False	False		
A1456E59-5AE2-46D9-B079-5B239A0D4E8E	IMG_6511.JPG	A1456E59-5AE2-46D9-B079-5B239A0D4E8E.jpeg	2016-10-19T12:00:40+08:00	2016-10-19T12:00:40+08:00	PATH_NONE			missing file_size_bytes	True	(None, None)			None | None		False		False			False	False		
F64DC6F0-F5C9-4C42-BF7A-765DEC3EC2B9	IMG_0135.jpeg	F64DC6F0-F5C9-4C42-BF7A-765DEC3EC2B9.jpeg	2021-03-20T20:43:01.400000+08:00	2021-03-20T20:43:01.400000+08:00	PATH_NONE			missing file_size_bytes	True	25.021508333333333,121.53237166666666	25.021508333333333	121.53237166666666	25.021508333333333 | 121.53237166666666	"{""address"": {""city"": ""Daan District"", ""country"": ""Taiwan"", ""iso_country_code"": ""TW"", ""postal_code"": ""106020"", ""state_province"": ""TPE"", ""street"": ""No. 15 Wenzhou St Ln 48"", ""sub_administrative_area"": ""Taipei City"", ""sub_locality"": ""Daxue""}, ""address_str"": ""No. 15 Wenzhou St Ln 48, Daan District, Taipei City 106, Taiwan"", ""country_code"": ""TW"", ""ishome"": false, ""name"": ""Daan District, Taiwan"", ""names"": {""additional_city_info"": [""Daxue""], ""area_of_interest"": [], ""body_of_water"": [], ""city"": [""Daan District""], ""country"": [""Taiwan""], ""field0"": [], ""field10"": [], ""field13"": [], ""field15"": [], ""field16"": [], ""field5"": [], ""inland_water"": [], ""ocean"": [], ""postal_code"": [], ""region"": [], ""state_province"": [], ""street_address"": [""No. 15 Wenzhou St Ln 48""], ""sub_administrative_area"": [""Taipei City""], ""sub_throughfare"": []}}"	False		False			False	False		
627CDF1D-915C-4D5B-BC31-A0B1F27360EB	75637861168__F1134711-4E93-4A1D-BD4F-A9E9C3F2D489.fullsizerender.jpeg	627CDF1D-915C-4D5B-BC31-A0B1F27360EB.jpeg	2024-12-20T17:10:10.849000+08:00	2024-12-20T17:10:10.849000+08:00	PATH_NONE			missing file_size_bytes	True	(None, None)			None | None		True		True			False	False		
A974B111-37E6-4B31-8DBD-6AA8BF039123	IMG_6724.JPG	A974B111-37E6-4B31-8DBD-6AA8BF039123.jpeg	2025-02-08T10:38:04.871434+08:00	2025-02-08T10:38:04.871434+08:00	PATH_NONE			missing file_size_bytes	True	(None, None)			None | None		False		False			False	False		
BE6A60CB-DDD3-4A88-89D6-55C010C815F2	IMG_7370.jpeg	BE6A60CB-DDD3-4A88-89D6-55C010C815F2.jpeg	2024-12-20T17:02:17.319262+08:00	2024-12-20T17:02:17.319262+08:00	PATH_NONE			missing file_size_bytes	True	(None, None)			None | None		False		False			False	False		
96B3A5E0-8080-4130-B573-4BA95150CDE6	IMG_7243.jpeg	96B3A5E0-8080-4130-B573-4BA95150CDE6.jpeg	2026-01-18T15:29:43.914000+08:00	2026-01-18T15:29:43.914000+08:00	PATH_NONE			missing file_size_bytes	True	(None, None)			None | None		False		False			False	False		
CE2621A6-2BBB-4772-AC6E-14A66B86CA37	IMG_2054.MOV	CE2621A6-2BBB-4772-AC6E-14A66B86CA37.mov	2012-02-07T21:15:05+08:00	2012-02-07T21:15:05+08:00	PATH_NONE			missing file_size_bytes	True	25.0215,121.5325	25.0215	121.5325	25.0215 | 121.5325	"{""address"": {""city"": ""Daan District"", ""country"": ""Taiwan"", ""iso_country_code"": ""TW"", ""postal_code"": ""106020"", ""state_province"": ""TPE"", ""street"": ""No. 13 Wenzhou St Ln 48"", ""sub_administrative_area"": ""Taipei City"", ""sub_locality"": ""Daxue""}, ""address_str"": ""No. 13 Wenzhou St Ln 48, Daan District, Taipei City 106, Taiwan"", ""country_code"": ""TW"", ""ishome"": false, ""name"": ""Daan District, Taiwan"", ""names"": {""additional_city_info"": [""Daxue""], ""area_of_interest"": [], ""body_of_water"": [], ""city"": [""Daan District""], ""country"": [""Taiwan""], ""field0"": [], ""field10"": [], ""field13"": [], ""field15"": [], ""field16"": [], ""field5"": [], ""inland_water"": [], ""ocean"": [], ""postal_code"": [], ""region"": [], ""state_province"": [], ""street_address"": [""No. 13 Wenzhou St Ln 48""], ""sub_administrative_area"": [""Taipei City""], ""sub_throughfare"": []}}"	False		False			False	False		
87AD4A75-59E3-4B5D-8509-61E634DF3BE4	IMG_4769.jpeg	87AD4A75-59E3-4B5D-8509-61E634DF3BE4.jpeg	2021-09-17T20:55:14.898000+08:00	2021-09-17T20:55:14.898000+08:00	PATH_NONE			missing file_size_bytes	True	25.051786166666666,121.54373833333334	25.051786166666666	121.54373833333334	25.051786166666666 | 121.54373833333334	"{""address"": {""city"": ""Zhongshan District"", ""country"": ""Taiwan"", ""iso_country_code"": ""TW"", ""postal_code"": null, ""state_province"": ""TPE"", ""street"": null, ""sub_administrative_area"": ""Taipei City"", ""sub_locality"": null}, ""address_str"": ""Zhongshan District, Taipei City 104, Taiwan"", ""country_code"": ""TW"", ""ishome"": false, ""name"": ""Nanjing Fuxing, Zhongshan District, Taiwan"", ""names"": {""additional_city_info"": [""Lixing""], ""area_of_interest"": [""Nanjing Fuxing""], ""body_of_water"": [], ""city"": [""Zhongshan District"", ""Zhongshan District""], ""country"": [""Taiwan""], ""field0"": [], ""field10"": [], ""field13"": [], ""field15"": [], ""field16"": [], ""field5"": [], ""inland_water"": [], ""ocean"": [], ""postal_code"": [], ""region"": [], ""state_province"": [], ""street_address"": [], ""sub_administrative_area"": [""Taipei City""], ""sub_throughfare"": []}}"	False		False			False	False		
AE1A88BB-EEDD-4444-ADCC-0888DC07F234	IMG_6723.JPG	AE1A88BB-EEDD-4444-ADCC-0888DC07F234.jpeg	2025-02-08T10:38:06.989487+08:00	2025-02-08T10:38:06.989487+08:00	PATH_NONE			missing file_size_bytes	True	(None, None)			None | None		False		False			False	False		
CB5BD81F-4844-411B-B1C0-67A2BA0CC5C7	IMG_1765.jpeg	CB5BD81F-4844-411B-B1C0-67A2BA0CC5C7.jpeg	2025-06-06T13:03:23.218000+08:00	2025-06-06T13:03:23.218000+08:00	PATH_NONE			missing file_size_bytes	True	(None, None)			None | None		False		False			False	False		
